year_of_source,year,prepa,inscrits,admissibles,classes,propositions,entres,places
2002,1999,MP,7 188,5 777,5 190,4 325,3 369,3 882
2002,1999,PC,5 633,4 804,4 343,3 702,3 021,3 306
2002,1999,PSI,4 153,3 425,3 158,2 821,2 355,2 750
2002,1999,PT,2 244,1 715,1 638,1 566,1 306,1 474
2002,1999,TSI,672,415,327,283,218,262
2002,2000,MP,6 742,5 942,5 457,4 934,3 985,4 408
2002,2000,PC,5 319,4 941,4 592,4 201,3 275,3 601
2002,2000,PSI,4 108,3 710,3 508,3 248,2 695,3 089
2002,2000,PT,2 120,1 745,1 676,1 551,1 368,1 635
2002,2000,TSI,674,518,425,362,296,304
2002,2001,MP,6 617,6 006,5 403,4 595,3 803,4 534
2002,2001,PC,4 966,4 667,4 364,3 740,3 064,3 756
2002,2001,PSI,3 986,3 708,3 456,3 055,2 640,3 305
2002,2001,PT,2 031,1 924,1 834,1 651,1 474,1 795
2002,2001,TSI,667,568,472,367,299,335
2002,2002,MP,7021,6164,5606,4984,3904,4555
2002,2002,PC,5106,4762,4446,4089,3140,3752
2002,2002,PSI,4080,3880,3662,3371,2761,3390
2002,2002,PT,2117,1999,1902,1698,1516,1840
2002,2002,TSI,722,578,473,391,319,369
2002,2002,BCPST,1589,1413,1319,1276,1164,1200
2003,2003,MP,6989,6197,5529,5066,3953,4511
2003,2003,PC,5083,4890,4504,4171,3253,3684
2003,2003,PSI,4095,3847,3558,3382,2824,3471
2003,2003,PT,2105,1968,1870,1772,1563,1849
2003,2003,TSI,703,577,464,393,316,380
2003,2003,BCPST,1703,1480,1372,1305,1150,1189
2003,2002,MP,7021,6164,5606,4984,3904,4555
2003,2002,PC,5106,4762,4446,4089,3140,3752
2003,2002,PSI,4080,3880,3662,3371,2761,3390
2003,2002,PT,2117,1999,1902,1698,1516,1840
2003,2002,TSI,722,578,473,391,319,369
2003,2002,BCPST,1589,1413,1319,1276,1164,1200
2003,2001,MP,6 617,6 006,5 403,4 595,3 803,4 534
2003,2001,PC,4 966,4 667,4 364,3 740,3 064,3 756
2003,2001,PSI,3 986,3 708,3 456,3 055,2 640,3 305
2003,2001,PT,2 031,1 924,1 834,1 651,1 474,1 795
2003,2001,TSI,667,568,472,367,299,335
2003,2000,MP,6 742,5 942,5 457,4 934,3 985,4 408
2003,2000,PC,5 319,4 941,4 592,4 201,3 275,3 601
2003,2000,PSI,4 108,3 710,3 508,3 248,2 695,3 089
2003,2000,PT,2 120,1 745,1 676,1 551,1 368,1 635
2003,2000,TSI,674,518,425,362,296,304
2003,1999,MP,7 188,5 777,5 190,4 325,3 369,3 882
2003,1999,PC,5 633,4 804,4 343,3 702,3 021,3 306
2003,1999,PSI,4 153,3 425,3 158,2 821,2 355,2 750
2003,1999,PT,2 244,1 715,1 638,1 566,1 306,1 474
2003,1999,TSI,672,415,327,283,218,262
2004,2004,MP,7073,6105,5437,5045,3962,4576
2004,2004,PC,5090,4773,4454,4173,3237,3719
2004,2004,PSI,4313,3964,3673,3474,2841,3283
2004,2004,PT,2131,1979,1866,1755,1491,1817
2004,2004,TSI,713,567,467,412,339,377
2004,2004,BCPST,1768,1495,1388,1337,1150,1211
2004,2003,MP,6989,6197,5529,5066,3953,4511
2004,2003,PC,5083,4890,4504,4171,3253,3684
2004,2003,PSI,4095,3847,3558,3382,2824,3471
2004,2003,PT,2105,1968,1870,1772,1563,1849
2004,2003,TSI,703,577,464,393,316,380
2004,2003,BCPST,1703,1480,1372,1305,1150,1189
2004,2002,MP,7021,6164,5606,4984,3904,4555
2004,2002,PC,5106,4762,4446,4089,3140,3752
2004,2002,PSI,4080,3880,3662,3371,2761,3390
2004,2002,PT,2117,1999,1902,1698,1516,1840
2004,2002,TSI,722,578,473,391,319,369
2004,2002,BCPST,1589,1413,1319,1276,1164,1200
2004,2001,MP,6 617,6 006,5 403,4 595,3 803,4 534
2004,2001,PC,4 966,4 667,4 364,3 740,3 064,3 756
2004,2001,PSI,3 986,3 708,3 456,3 055,2 640,3 305
2004,2001,PT,2 031,1 924,1 834,1 651,1 474,1 795
2004,2001,TSI,667,568,472,367,299,335
2004,2000,MP,6 742,5 942,5 457,4 934,3 985,4 408
2004,2000,PC,5 319,4 941,4 592,4 201,3 275,3 601
2004,2000,PSI,4 108,3 710,3 508,3 248,2 695,3 089
2004,2000,PT,2 120,1 745,1 676,1 551,1 368,1 635
2004,2000,TSI,674,518,425,362,296,304
2004,1999,MP,7 188,5 777,5 190,4 325,3 369,3 882
2004,1999,PC,5 633,4 804,4 343,3 702,3 021,3 306
2004,1999,PSI,4 153,3 425,3 158,2 821,2 355,2 750
2004,1999,PT,2 244,1 715,1 638,1 566,1 306,1 474
2004,1999,TSI,672,415,327,283,218,262
2005,2005,MP,7257,6271,5555,5198,4114,4537
2005,2005,PC,5153,4663,4325,4064,3110,3620
2005,2005,PSI,4713,4222,3915,3653,2998,3317
2005,2005,PT,2160,1943,1812,1690,1432,1867
2005,2005,TSI,670,558,458,407,342,406
2005,2005,BCPST,2412,1883,1755,1655,1348,1422
2005,2004,MP,7073,6105,5437,5045,3962,4576
2005,2004,PC,5090,4773,4454,4173,3237,3719
2005,2004,PSI,4313,3964,3673,3474,2841,3283
2005,2004,PT,2131,1979,1866,1755,1491,1817
2005,2004,TSI,713,567,467,412,339,377
2005,2004,BCPST,1768,1495,1388,1337,1150,1211
2005,2003,MP,6989,6197,5529,5066,3953,4511
2005,2003,PC,5083,4890,4504,4171,3253,3684
2005,2003,PSI,4095,3847,3558,3382,2824,3471
2005,2003,PT,2105,1968,1870,1772,1563,1849
2005,2003,TSI,703,577,464,393,316,380
2005,2003,BCPST,1703,1480,1372,1305,1150,1189
2005,2002,MP,7021,6164,5606,4984,3904,4555
2005,2002,PC,5106,4762,4446,4089,3140,3752
2005,2002,PSI,4080,3880,3662,3371,2761,3390
2005,2002,PT,2117,1999,1902,1698,1516,1840
2005,2002,TSI,722,578,473,391,319,369
2005,2002,BCPST,1589,1413,1319,1276,1164,1200
2005,2001,MP,6 617,6 006,5 403,4 595,3 803,4 534
2005,2001,PC,4 966,4 667,4 364,3 740,3 064,3 756
2005,2001,PSI,3 986,3 708,3 456,3 055,2 640,3 305
2005,2001,PT,2 031,1 924,1 834,1 651,1 474,1 795
2005,2001,TSI,667,568,472,367,299,335
2005,2000,MP,6 742,5 942,5 457,4 934,3 985,4 408
2005,2000,PC,5 319,4 941,4 592,4 201,3 275,3 601
2005,2000,PSI,4 108,3 710,3 508,3 248,2 695,3 089
2005,2000,PT,2 120,1 745,1 676,1 551,1 368,1 635
2005,2000,TSI,674,518,425,362,296,304
2005,1999,MP,7 188,5 777,5 190,4 325,3 369,3 882
2005,1999,PC,5 633,4 804,4 343,3 702,3 021,3 306
2005,1999,PSI,4 153,3 425,3 158,2 821,2 355,2 750
2005,1999,PT,2 244,1 715,1 638,1 566,1 306,1 474
2005,1999,TSI,672,415,327,283,218,262
2006,2006,MP,7493,6423,5665,5318,4164,4515
2006,2006,PC,5189,4705,4339,4098,3195,3556
2006,2006,PSI,4938,4420,4068,3820,3068,3367
2006,2006,PT,2244,2035,1923,1800,1507,1810
2006,2006,TSI,724,629,521,460,368,422
2006,2006,BCPST,2694,2186,2036,1964,1604,1669
2006,2005,MP,7257,6271,5555,5198,4114,4537
2006,2005,PC,5153,4663,4325,4064,3110,3620
2006,2005,PSI,4713,4222,3915,3653,2998,3317
2006,2005,PT,2160,1943,1812,1690,1432,1867
2006,2005,TSI,670,558,458,407,342,406
2006,2005,BCPST,2412,1883,1755,1655,1348,1422
2006,2004,MP,7073,6105,5437,5045,3962,4576
2006,2004,PC,5090,4773,4454,4173,3237,3719
2006,2004,PSI,4313,3964,3673,3474,2841,3283
2006,2004,PT,2131,1979,1866,1755,1491,1817
2006,2004,TSI,713,567,467,412,339,377
2006,2004,BCPST,1768,1495,1388,1337,1150,1211
2006,2003,MP,6989,6197,5529,5066,3953,4511
2006,2003,PC,5083,4890,4504,4171,3253,3684
2006,2003,PSI,4095,3847,3558,3382,2824,3471
2006,2003,PT,2105,1968,1870,1772,1563,1849
2006,2003,TSI,703,577,464,393,316,380
2006,2003,BCPST,1703,1480,1372,1305,1150,1189
2006,2002,MP,7021,6164,5606,4984,3904,4555
2006,2002,PC,5106,4762,4446,4089,3140,3752
2006,2002,PSI,4080,3880,3662,3371,2761,3390
2006,2002,PT,2117,1999,1902,1698,1516,1840
2006,2002,TSI,722,578,473,391,319,369
2006,2002,BCPST,1589,1413,1319,1276,1164,1200
2006,2001,MP,6 617,6 006,5 403,4 595,3 803,4 534
2006,2001,PC,4 966,4 667,4 364,3 740,3 064,3 756
2006,2001,PSI,3 986,3 708,3 456,3 055,2 640,3 305
2006,2001,PT,2 031,1 924,1 834,1 651,1 474,1 795
2006,2001,TSI,667,568,472,367,299,335
2006,2000,MP,6 742,5 942,5 457,4 934,3 985,4 408
2006,2000,PC,5 319,4 941,4 592,4 201,3 275,3 601
2006,2000,PSI,4 108,3 710,3 508,3 248,2 695,3 089
2006,2000,PT,2 120,1 745,1 676,1 551,1 368,1 635
2006,2000,TSI,674,518,425,362,296,304
2006,1999,MP,7 188,5 777,5 190,4 325,3 369,3 882
2006,1999,PC,5 633,4 804,4 343,3 702,3 021,3 306
2006,1999,PSI,4 153,3 425,3 158,2 821,2 355,2 750
2006,1999,PT,2 244,1 715,1 638,1 566,1 306,1 474
2006,1999,TSI,672,415,327,283,218,262
2007,2007,MP,7554,6417,5660,5384,4185,4576
2007,2007,PC,5197,4753,4368,4186,3223,3523
2007,2007,PSI,4911,4413,4071,3869,3130,3422
2007,2007,PT,2255,2044,1913,1805,1489,1731
2007,2007,TSI,699,627,514,478,399,442
2007,2007,BCPST,2783,2248,2117,2051,1670,1694
2007,2006,MP,7493,6423,5665,5318,4164,4515
2007,2006,PC,5189,4705,4339,4098,3195,3556
2007,2006,PSI,4938,4420,4068,3820,3068,3367
2007,2006,PT,2244,2035,1923,1800,1507,1810
2007,2006,TSI,724,629,521,460,368,422
2007,2006,BCPST,2694,2186,2036,1964,1604,1669
2007,2005,MP,7257,6271,5555,5198,4114,4537
2007,2005,PC,5153,4663,4325,4064,3110,3620
2007,2005,PSI,4713,4222,3915,3653,2998,3317
2007,2005,PT,2160,1943,1812,1690,1432,1867
2007,2005,TSI,670,558,458,407,342,406
2007,2005,BCPST,2412,1883,1755,1655,1348,1422
2007,2004,MP,7073,6105,5437,5045,3962,4576
2007,2004,PC,5090,4773,4454,4173,3237,3719
2007,2004,PSI,4313,3964,3673,3474,2841,3283
2007,2004,PT,2131,1979,1866,1755,1491,1817
2007,2004,TSI,713,567,467,412,339,377
2007,2004,BCPST,1768,1495,1388,1337,1150,1211
2007,2003,MP,6989,6197,5529,5066,3953,4511
2007,2003,PC,5083,4890,4504,4171,3253,3684
2007,2003,PSI,4095,3847,3558,3382,2824,3471
2007,2003,PT,2105,1968,1870,1772,1563,1849
2007,2003,TSI,703,577,464,393,316,380
2007,2003,BCPST,1703,1480,1372,1305,1150,1189
2007,2002,MP,7021,6164,5606,4984,3904,4555
2007,2002,PC,5106,4762,4446,4089,3140,3752
2007,2002,PSI,4080,3880,3662,3371,2761,3390
2007,2002,PT,2117,1999,1902,1698,1516,1840
2007,2002,TSI,722,578,473,391,319,369
2007,2002,BCPST,1589,1413,1319,1276,1164,1200
2007,2001,MP,6617,6006,5403,4595,3803,4534
2007,2001,PC,4966,4667,4364,3740,3064,3756
2007,2001,PSI,3986,3708,3456,3055,2640,3305
2007,2001,PT,2031,1924,1834,1651,1474,1795
2007,2001,TSI,667,568,472,367,299,335
2007,2000,MP,6742,5942,5457,4934,3985,4408
2007,2000,PC,5319,4941,4592,4201,3275,3601
2007,2000,PSI,4108,3710,3508,3248,2695,3089
2007,2000,PT,2120,1745,1676,1551,1368,1635
2007,2000,TSI,674,518,425,362,296,304
2007,1999,MP,7188,5777,5190,4325,3369,3882
2007,1999,PC,5633,4804,4343,3702,3021,3306
2007,1999,PSI,4153,3425,3158,2821,2355,2750
2007,1999,PT,2244,1715,1638,1566,1306,1474
2007,1999,TSI,672,415,327,283,218,262
2008,2008,MP,7764,6590,5593,5357,4239,4596
2008,2008,PC,5242,4839,4425,4267,3387,3554
2008,2008,PSI,4962,4517,4049,3881,3171,3450
2008,2008,PT,2293,2086,1919,1813,1466,1720
2008,2008,TSI,728,652,503,471,403,442
2008,2008,BCPST,2758,2217,2124,2036,1640,1710
2008,2007,MP,7554,6417,5660,5384,4185,4576
2008,2007,PC,5197,4753,4368,4186,3223,3523
2008,2007,PSI,4911,4413,4071,3869,3130,3422
2008,2007,PT,2255,2044,1913,1805,1489,1731
2008,2007,TSI,699,627,514,478,399,442
2008,2007,BCPST,2783,2248,2117,2051,1670,1694
2008,2006,MP,7493,6423,5665,5318,4164,4515
2008,2006,PC,5189,4705,4339,4098,3195,3556
2008,2006,PSI,4938,4420,4068,3820,3068,3367
2008,2006,PT,2244,2035,1923,1800,1507,1810
2008,2006,TSI,724,629,521,460,368,422
2008,2006,BCPST,2694,2186,2036,1964,1604,1669
2008,2005,MP,7257,6271,5555,5198,4114,4537
2008,2005,PC,5153,4663,4325,4064,3110,3620
2008,2005,PSI,4713,4222,3915,3653,2998,3317
2008,2005,PT,2160,1943,1812,1690,1432,1867
2008,2005,TSI,670,558,458,407,342,406
2008,2005,BCPST,2412,1883,1755,1655,1348,1422
2008,2004,MP,7073,6105,5437,5045,3962,4576
2008,2004,PC,5090,4773,4454,4173,3237,3719
2008,2004,PSI,4313,3964,3673,3474,2841,3283
2008,2004,PT,2131,1979,1866,1755,1491,1817
2008,2004,TSI,713,567,467,412,339,377
2008,2004,BCPST,1768,1495,1388,1337,1150,1211
2008,2003,MP,6989,6197,5529,5066,3953,4511
2008,2003,PC,5083,4890,4504,4171,3253,3684
2008,2003,PSI,4095,3847,3558,3382,2824,3471
2008,2003,PT,2105,1968,1870,1772,1563,1849
2008,2003,TSI,703,577,464,393,316,380
2008,2003,BCPST,1703,1480,1372,1305,1150,1189
2008,2002,MP,7021,6164,5606,4984,3904,4555
2008,2002,PC,5106,4762,4446,4089,3140,3752
2008,2002,PSI,4080,3880,3662,3371,2761,3390
2008,2002,PT,2117,1999,1902,1698,1516,1840
2008,2002,TSI,722,578,473,391,319,369
2008,2002,BCPST,1589,1413,1319,1276,1164,1200
2008,2001,MP,6617,6006,5403,4595,3803,4534
2008,2001,PC,4966,4667,4364,3740,3064,3756
2008,2001,PSI,3986,3708,3456,3055,2640,3305
2008,2001,PT,2031,1924,1834,1651,1474,1795
2008,2001,TSI,667,568,472,367,299,335
2008,2000,MP,6742,5942,5457,4934,3985,4408
2008,2000,PC,5319,4941,4592,4201,3275,3601
2008,2000,PSI,4108,3710,3508,3248,2695,3089
2008,2000,PT,2120,1745,1676,1551,1368,1635
2008,2000,TSI,674,518,425,362,296,304
2008,1999,MP,7188,5777,5190,4325,3369,3882
2008,1999,PC,5633,4804,4343,3702,3021,3306
2008,1999,PSI,4153,3425,3158,2821,2355,2750
2008,1999,PT,2244,1715,1638,1566,1306,1474
2008,1999,TSI,672,415,327,283,218,262
2009,2009,MP,7741,6662,5724,5423,4091,4624
2009,2009,PC,5295,4913,4440,4246,3215,3551
2009,2009,PSI,5013,4587,4121,3969,3092,3443
2009,2009,PT,2385,2180,1999,1868,1539,1740
2009,2009,TSI,752,676,543,486,398,456
2009,2009,BCPST,2799,2246,2160,2066,1677,1738
2009,2009,Inter-Filière,,,,,366,396
2009,2008,MP,7764,6590,5593,5357,4239,4596
2009,2008,PC,5242,4839,4425,4267,3387,3554
2009,2008,PSI,4962,4517,4049,3881,3171,3450
2009,2008,PT,2293,2086,1919,1813,1466,1720
2009,2008,TSI,728,652,503,471,403,442
2009,2008,BCPST,2758,2217,2124,2036,1640,1710
2009,2007,MP,7554,6417,5660,5384,4185,4576
2009,2007,PC,5197,4753,4368,4186,3223,3523
2009,2007,PSI,4911,4413,4071,3869,3130,3422
2009,2007,PT,2255,2044,1913,1805,1489,1731
2009,2007,TSI,699,627,514,478,399,442
2009,2007,BCPST,2783,2248,2117,2051,1670,1694
2009,2006,MP,7493,6423,5665,5318,4164,4515
2009,2006,PC,5189,4705,4339,4098,3195,3556
2009,2006,PSI,4938,4420,4068,3820,3068,3367
2009,2006,PT,2244,2035,1923,1800,1507,1810
2009,2006,TSI,724,629,521,460,368,422
2009,2006,BCPST,2694,2186,2036,1964,1604,1669
2009,2005,MP,7257,6271,5555,5198,4114,4537
2009,2005,PC,5153,4663,4325,4064,3110,3620
2009,2005,PSI,4713,4222,3915,3653,2998,3317
2009,2005,PT,2160,1943,1812,1690,1432,1867
2009,2005,TSI,670,558,458,407,342,406
2009,2005,BCPST,2412,1883,1755,1655,1348,1422
2009,2004,MP,7073,6105,5437,5045,3962,4576
2009,2004,PC,5090,4773,4454,4173,3237,3719
2009,2004,PSI,4313,3964,3673,3474,2841,3283
2009,2004,PT,2131,1979,1866,1755,1491,1817
2009,2004,TSI,713,567,467,412,339,377
2009,2004,BCPST,1768,1495,1388,1337,1150,1211
2009,2003,MP,6989,6197,5529,5066,3953,4511
2009,2003,PC,5083,4890,4504,4171,3253,3684
2009,2003,PSI,4095,3847,3558,3382,2824,3471
2009,2003,PT,2105,1968,1870,1772,1563,1849
2009,2003,TSI,703,577,464,393,316,380
2009,2003,BCPST,1703,1480,1372,1305,1150,1189
2009,2002,MP,7021,6164,5606,4984,3904,4555
2009,2002,PC,5106,4762,4446,4089,3140,3752
2009,2002,PSI,4080,3880,3662,3371,2761,3390
2009,2002,PT,2117,1999,1902,1698,1516,1840
2009,2002,TSI,722,578,473,391,319,369
2009,2002,BCPST,1589,1413,1319,1276,1164,1200
2009,2001,MP,6617,6006,5403,4595,3803,4534
2009,2001,PC,4966,4667,4364,3740,3064,3756
2009,2001,PSI,3986,3708,3456,3055,2640,3305
2009,2001,PT,2031,1924,1834,1651,1474,1795
2009,2001,TSI,667,568,472,367,299,335
2009,2000,MP,6742,5942,5457,4934,3985,4408
2009,2000,PC,5319,4941,4592,4201,3275,3601
2009,2000,PSI,4108,3710,3508,3248,2695,3089
2009,2000,PT,2120,1745,1676,1551,1368,1635
2009,2000,TSI,674,518,425,362,296,304
2009,1999,MP,7188,5777,5190,4325,3369,3882
2009,1999,PC,5633,4804,4343,3702,3021,3306
2009,1999,PSI,4153,3425,3158,2821,2355,2750
2009,1999,PT,2244,1715,1638,1566,1306,1474
2009,1999,TSI,672,415,327,283,218,262
2010,2010,MP,8171,6920,5877,5599,4196,4669
2010,2010,PC,5360,4924,4478,4272,3181,3638
2010,2010,PSI,5329,4678,4238,4086,3179,3589
2010,2010,PT,2522,2276,2099,1975,1587,1829
2010,2010,TSI,779,690,571,517,423,484
2010,2010,BCPST,2988,2534,2235,2133,1685,1754
2010,2010,Inter-Filière,,,,,407,425
2010,2009,MP,7741,6662,5724,5423,4091,4624
2010,2009,PC,5295,4913,4440,4246,3215,3551
2010,2009,PSI,5013,4587,4121,3969,3092,3443
2010,2009,PT,2385,2180,1999,1868,1539,1740
2010,2009,TSI,752,676,543,486,398,456
2010,2009,BCPST,2799,2246,2160,2066,1677,1738
2010,2009,Inter-Filière,,,,,366,396
2010,2008,MP,7764,6590,5593,5357,4239,4596
2010,2008,PC,5242,4839,4425,4267,3387,3554
2010,2008,PSI,4962,4517,4049,3881,3171,3450
2010,2008,PT,2293,2086,1919,1813,1466,1720
2010,2008,TSI,728,652,503,471,403,442
2010,2008,BCPST,2758,2217,2124,2036,1640,1710
2010,2007,MP,7554,6417,5660,5384,4185,4576
2010,2007,PC,5197,4753,4368,4186,3223,3523
2010,2007,PSI,4911,4413,4071,3869,3130,3422
2010,2007,PT,2255,2044,1913,1805,1489,1731
2010,2007,TSI,699,627,514,478,399,442
2010,2007,BCPST,2783,2248,2117,2051,1670,1694
2010,2006,MP,7493,6423,5665,5318,4164,4515
2010,2006,PC,5189,4705,4339,4098,3195,3556
2010,2006,PSI,4938,4420,4068,3820,3068,3367
2010,2006,PT,2244,2035,1923,1800,1507,1810
2010,2006,TSI,724,629,521,460,368,422
2010,2006,BCPST,2694,2186,2036,1964,1604,1669
2010,2005,MP,7257,6271,5555,5198,4114,4537
2010,2005,PC,5153,4663,4325,4064,3110,3620
2010,2005,PSI,4713,4222,3915,3653,2998,3317
2010,2005,PT,2160,1943,1812,1690,1432,1867
2010,2005,TSI,670,558,458,407,342,406
2010,2005,BCPST,2412,1883,1755,1655,1348,1422
2010,2004,MP,7073,6105,5437,5045,3962,4576
2010,2004,PC,5090,4773,4454,4173,3237,3719
2010,2004,PSI,4313,3964,3673,3474,2841,3283
2010,2004,PT,2131,1979,1866,1755,1491,1817
2010,2004,TSI,713,567,467,412,339,377
2010,2004,BCPST,1768,1495,1388,1337,1150,1211
2010,2003,MP,6989,6197,5529,5066,3953,4511
2010,2003,PC,5083,4890,4504,4171,3253,3684
2010,2003,PSI,4095,3847,3558,3382,2824,3471
2010,2003,PT,2105,1968,1870,1772,1563,1849
2010,2003,TSI,703,577,464,393,316,380
2010,2003,BCPST,1703,1480,1372,1305,1150,1189
2010,2002,MP,7021,6164,5606,4984,3904,4555
2010,2002,PC,5106,4762,4446,4089,3140,3752
2010,2002,PSI,4080,3880,3662,3371,2761,3390
2010,2002,PT,2117,1999,1902,1698,1516,1840
2010,2002,TSI,722,578,473,391,319,369
2010,2002,BCPST,1589,1413,1319,1276,1164,1200
2010,2001,MP,6617,6006,5403,4595,3803,4534
2010,2001,PC,4966,4667,4364,3740,3064,3756
2010,2001,PSI,3986,3708,3456,3055,2640,3305
2010,2001,PT,2031,1924,1834,1651,1474,1795
2010,2001,TSI,667,568,472,367,299,335
2010,2000,MP,6742,5942,5457,4934,3985,4408
2010,2000,PC,5319,4941,4592,4201,3275,3601
2010,2000,PSI,4108,3710,3508,3248,2695,3089
2010,2000,PT,2120,1745,1676,1551,1368,1635
2010,2000,TSI,674,518,425,362,296,304
2010,1999,MP,7188,5777,5190,4325,3369,3882
2010,1999,PC,5633,4804,4343,3702,3021,3306
2010,1999,PSI,4153,3425,3158,2821,2355,2750
2010,1999,PT,2244,1715,1638,1566,1306,1474
2010,1999,TSI,672,415,327,283,218,262
2011,2011,MP,8343,6965,5910,5610,4260,4825
2011,2011,PC,5387,4969,4528,4294,3246,3704
2011,2011,PSI,5414,4822,4327,4162,3244,3727
2011,2011,PT,2481,2237,2007,1887,1536,1883
2011,2011,TSI,855,710,583,513,425,508
2011,2011,BCPST,3010,2402,2266,2165,1724,1782
2011,2011,Inter-Filière,,,,,324,364
2011,2010,MP,8171,6920,5877,5599,4196,4669
2011,2010,PC,5360,4924,4478,4272,3181,3638
2011,2010,PSI,5329,4678,4238,4086,3179,3589
2011,2010,PT,2522,2276,2099,1975,1587,1829
2011,2010,TSI,779,690,571,517,423,484
2011,2010,BCPST,2988,2534,2235,2133,1685,1754
2011,2010,Inter-Filière,,,,,407,425
2011,2009,MP,7741,6662,5724,5423,4091,4624
2011,2009,PC,5295,4913,4440,4246,3215,3551
2011,2009,PSI,5013,4587,4121,3969,3092,3443
2011,2009,PT,2385,2180,1999,1868,1539,1740
2011,2009,TSI,752,676,543,486,398,456
2011,2009,BCPST,2799,2246,2160,2066,1677,1738
2011,2009,Inter-Filière,,,,,366,396
2011,2008,MP,7764,6590,5593,5357,4239,4596
2011,2008,PC,5242,4839,4425,4267,3387,3554
2011,2008,PSI,4962,4517,4049,3881,3171,3450
2011,2008,PT,2293,2086,1919,1813,1466,1720
2011,2008,TSI,728,652,503,471,403,442
2011,2008,BCPST,2758,2217,2124,2036,1640,1710
2011,2007,MP,7554,6417,5660,5384,4185,4576
2011,2007,PC,5197,4753,4368,4186,3223,3523
2011,2007,PSI,4911,4413,4071,3869,3130,3422
2011,2007,PT,2255,2044,1913,1805,1489,1731
2011,2007,TSI,699,627,514,478,399,442
2011,2007,BCPST,2783,2248,2117,2051,1670,1694
2011,2006,MP,7493,6423,5665,5318,4164,4515
2011,2006,PC,5189,4705,4339,4098,3195,3556
2011,2006,PSI,4938,4420,4068,3820,3068,3367
2011,2006,PT,2244,2035,1923,1800,1507,1810
2011,2006,TSI,724,629,521,460,368,422
2011,2006,BCPST,2694,2186,2036,1964,1604,1669
2011,2005,MP,7257,6271,5555,5198,4114,4537
2011,2005,PC,5153,4663,4325,4064,3110,3620
2011,2005,PSI,4713,4222,3915,3653,2998,3317
2011,2005,PT,2160,1943,1812,1690,1432,1867
2011,2005,TSI,670,558,458,407,342,406
2011,2005,BCPST,2412,1883,1755,1655,1348,1422
2011,2004,MP,7073,6105,5437,5045,3962,4576
2011,2004,PC,5090,4773,4454,4173,3237,3719
2011,2004,PSI,4313,3964,3673,3474,2841,3283
2011,2004,PT,2131,1979,1866,1755,1491,1817
2011,2004,TSI,713,567,467,412,339,377
2011,2004,BCPST,1768,1495,1388,1337,1150,1211
2011,2003,MP,6989,6197,5529,5066,3953,4511
2011,2003,PC,5083,4890,4504,4171,3253,3684
2011,2003,PSI,4095,3847,3558,3382,2824,3471
2011,2003,PT,2105,1968,1870,1772,1563,1849
2011,2003,TSI,703,577,464,393,316,380
2011,2003,BCPST,1703,1480,1372,1305,1150,1189
2011,2002,MP,7021,6164,5606,4984,3904,4555
2011,2002,PC,5106,4762,4446,4089,3140,3752
2011,2002,PSI,4080,3880,3662,3371,2761,3390
2011,2002,PT,2117,1999,1902,1698,1516,1840
2011,2002,TSI,722,578,473,391,319,369
2011,2002,BCPST,1589,1413,1319,1276,1164,1200
2011,2001,MP,6617,6006,5403,4595,3803,4534
2011,2001,PC,4966,4667,4364,3740,3064,3756
2011,2001,PSI,3986,3708,3456,3055,2640,3305
2011,2001,PT,2031,1924,1834,1651,1474,1795
2011,2001,TSI,667,568,472,367,299,335
2011,2000,MP,6742,5942,5457,4934,3985,4408
2011,2000,PC,5319,4941,4592,4201,3275,3601
2011,2000,PSI,4108,3710,3508,3248,2695,3089
2011,2000,PT,2120,1745,1676,1551,1368,1635
2011,2000,TSI,674,518,425,362,296,304
2011,1999,MP,7188,5777,5190,4325,3369,3882
2011,1999,PC,5633,4804,4343,3702,3021,3306
2011,1999,PSI,4153,3425,3158,2821,2355,2750
2011,1999,PT,2244,1715,1638,1566,1306,1474
2011,1999,TSI,672,415,327,283,218,262
2012,2012,MP,8130,6794,5836,5465,4176,4874
2012,2012,PC,5390,5001,4632,4378,3336,3798
2012,2012,PSI,5378,4827,4386,4190,3315,3785
2012,2012,PT,2511,2282,2078,1914,1568,1909
2012,2012,TSI,861,734,577,518,432,543
2012,2012,BCPST,2996,2440,2290,2182,1705,1797
2012,2012,Inter-Filière,,,,,270,342
2012,2011,MP,8343,6965,5910,5610,4260,4825
2012,2011,PC,5387,4969,4528,4294,3246,3704
2012,2011,PSI,5414,4822,4327,4162,3244,3727
2012,2011,PT,2481,2237,2007,1887,1536,1883
2012,2011,TSI,855,710,583,513,425,508
2012,2011,BCPST,3010,2402,2266,2165,1724,1782
2012,2011,Inter-Filière,,,,,324,364
2012,2010,MP,8171,6920,5877,5599,4196,4669
2012,2010,PC,5360,4924,4478,4272,3181,3638
2012,2010,PSI,5329,4678,4238,4086,3179,3589
2012,2010,PT,2522,2276,2099,1975,1587,1829
2012,2010,TSI,779,690,571,517,423,484
2012,2010,BCPST,2988,2534,2235,2133,1685,1754
2012,2010,Inter-Filière,,,,,407,425
2012,2009,MP,7741,6662,5724,5423,4091,4624
2012,2009,PC,5295,4913,4440,4246,3215,3551
2012,2009,PSI,5013,4587,4121,3969,3092,3443
2012,2009,PT,2385,2180,1999,1868,1539,1740
2012,2009,TSI,752,676,543,486,398,456
2012,2009,BCPST,2799,2246,2160,2066,1677,1738
2012,2009,Inter-Filière,,,,,366,396
2012,2008,MP,7764,6590,5593,5357,4239,4596
2012,2008,PC,5242,4839,4425,4267,3387,3554
2012,2008,PSI,4962,4517,4049,3881,3171,3450
2012,2008,PT,2293,2086,1919,1813,1466,1720
2012,2008,TSI,728,652,503,471,403,442
2012,2008,BCPST,2758,2217,2124,2036,1640,1710
2012,2007,MP,7554,6417,5660,5384,4185,4576
2012,2007,PC,5197,4753,4368,4186,3223,3523
2012,2007,PSI,4911,4413,4071,3869,3130,3422
2012,2007,PT,2255,2044,1913,1805,1489,1731
2012,2007,TSI,699,627,514,478,399,442
2012,2007,BCPST,2783,2248,2117,2051,1670,1694
2012,2006,MP,7493,6423,5665,5318,4164,4515
2012,2006,PC,5189,4705,4339,4098,3195,3556
2012,2006,PSI,4938,4420,4068,3820,3068,3367
2012,2006,PT,2244,2035,1923,1800,1507,1810
2012,2006,TSI,724,629,521,460,368,422
2012,2006,BCPST,2694,2186,2036,1964,1604,1669
2012,2005,MP,7257,6271,5555,5198,4114,4537
2012,2005,PC,5153,4663,4325,4064,3110,3620
2012,2005,PSI,4713,4222,3915,3653,2998,3317
2012,2005,PT,2160,1943,1812,1690,1432,1867
2012,2005,TSI,670,558,458,407,342,406
2012,2005,BCPST,2412,1883,1755,1655,1348,1422
2012,2004,MP,7073,6105,5437,5045,3962,4576
2012,2004,PC,5090,4773,4454,4173,3237,3719
2012,2004,PSI,4313,3964,3673,3474,2841,3283
2012,2004,PT,2131,1979,1866,1755,1491,1817
2012,2004,TSI,713,567,467,412,339,377
2012,2004,BCPST,1768,1495,1388,1337,1150,1211
2012,2003,MP,6989,6197,5529,5066,3953,4511
2012,2003,PC,5083,4890,4504,4171,3253,3684
2012,2003,PSI,4095,3847,3558,3382,2824,3471
2012,2003,PT,2105,1968,1870,1772,1563,1849
2012,2003,TSI,703,577,464,393,316,380
2012,2003,BCPST,1703,1480,1372,1305,1150,1189
2012,2002,MP,7021,6164,5606,4984,3904,4555
2012,2002,PC,5106,4762,4446,4089,3140,3752
2012,2002,PSI,4080,3880,3662,3371,2761,3390
2012,2002,PT,2117,1999,1902,1698,1516,1840
2012,2002,TSI,722,578,473,391,319,369
2012,2002,BCPST,1589,1413,1319,1276,1164,1200
2012,2001,MP,6617,6006,5403,4595,3803,4534
2012,2001,PC,4966,4667,4364,3740,3064,3756
2012,2001,PSI,3986,3708,3456,3055,2640,3305
2012,2001,PT,2031,1924,1834,1651,1474,1795
2012,2001,TSI,667,568,472,367,299,335
2012,2000,MP,6742,5942,5457,4934,3985,4408
2012,2000,PC,5319,4941,4592,4201,3275,3601
2012,2000,PSI,4108,3710,3508,3248,2695,3089
2012,2000,PT,2120,1745,1676,1551,1368,1635
2012,2000,TSI,674,518,425,362,296,304
2012,1999,MP,7188,5777,5190,4325,3369,3882
2012,1999,PC,5633,4804,4343,3702,3021,3306
2012,1999,PSI,4153,3425,3158,2821,2355,2750
2012,1999,PT,2244,1715,1638,1566,1306,1474
2012,1999,TSI,672,415,327,283,218,262
2013,2013,MP,8216,6962,6042,5686,4285,4876
2013,2013,PC,5351,4987,4592,4346,3307,3831
2013,2013,PSI,5386,4866,4418,4229,3411,3869
2013,2013,PT,2485,2298,2110,1973,1630,1929
2013,2013,TSI,853,738,589,537,455,549
2013,2013,BCPST,3102,2517,2357,2266,1807,1857
2013,2013,Inter-Filière,,,,,353,368
2013,2012,MP,8130,6794,5836,5465,4176,4874
2013,2012,PC,5390,5001,4632,4378,3336,3798
2013,2012,PSI,5378,4827,4386,4190,3315,3785
2013,2012,PT,2511,2282,2078,1914,1568,1909
2013,2012,TSI,861,734,577,518,432,543
2013,2012,BCPST,2996,2440,2290,2182,1705,1797
2013,2012,Inter-Filière,,,,,270,342
2013,2011,MP,8343,6965,5910,5610,4260,4825
2013,2011,PC,5387,4969,4528,4294,3246,3704
2013,2011,PSI,5414,4822,4327,4162,3244,3727
2013,2011,PT,2481,2237,2007,1887,1536,1883
2013,2011,TSI,855,710,583,513,425,508
2013,2011,BCPST,3010,2402,2266,2165,1724,1782
2013,2011,Inter-Filière,,,,,324,364
2013,2010,MP,8171,6920,5877,5599,4196,4669
2013,2010,PC,5360,4924,4478,4272,3181,3638
2013,2010,PSI,5329,4678,4238,4086,3179,3589
2013,2010,PT,2522,2276,2099,1975,1587,1829
2013,2010,TSI,779,690,571,517,423,484
2013,2010,BCPST,2988,2534,2235,2133,1685,1754
2013,2010,Inter-Filière,,,,,407,425
2013,2009,MP,7741,6662,5724,5423,4091,4624
2013,2009,PC,5295,4913,4440,4246,3215,3551
2013,2009,PSI,5013,4587,4121,3969,3092,3443
2013,2009,PT,2385,2180,1999,1868,1539,1740
2013,2009,TSI,752,676,543,486,398,456
2013,2009,BCPST,2799,2246,2160,2066,1677,1738
2013,2009,Inter-Filière,,,,,366,396
2013,2008,MP,7764,6590,5593,5357,4239,4596
2013,2008,PC,5242,4839,4425,4267,3387,3554
2013,2008,PSI,4962,4517,4049,3881,3171,3450
2013,2008,PT,2293,2086,1919,1813,1466,1720
2013,2008,TSI,728,652,503,471,403,442
2013,2008,BCPST,2758,2217,2124,2036,1640,1710
2013,2007,MP,7554,6417,5660,5384,4185,4576
2013,2007,PC,5197,4753,4368,4186,3223,3523
2013,2007,PSI,4911,4413,4071,3869,3130,3422
2013,2007,PT,2255,2044,1913,1805,1489,1731
2013,2007,TSI,699,627,514,478,399,442
2013,2007,BCPST,2783,2248,2117,2051,1670,1694
2013,2006,MP,7493,6423,5665,5318,4164,4515
2013,2006,PC,5189,4705,4339,4098,3195,3556
2013,2006,PSI,4938,4420,4068,3820,3068,3367
2013,2006,PT,2244,2035,1923,1800,1507,1810
2013,2006,TSI,724,629,521,460,368,422
2013,2006,BCPST,2694,2186,2036,1964,1604,1669
2013,2005,MP,7257,6271,5555,5198,4114,4537
2013,2005,PC,5153,4663,4325,4064,3110,3620
2013,2005,PSI,4713,4222,3915,3653,2998,3317
2013,2005,PT,2160,1943,1812,1690,1432,1867
2013,2005,TSI,670,558,458,407,342,406
2013,2005,BCPST,2412,1883,1755,1655,1348,1422
2013,2004,MP,7073,6105,5437,5045,3962,4576
2013,2004,PC,5090,4773,4454,4173,3237,3719
2013,2004,PSI,4313,3964,3673,3474,2841,3283
2013,2004,PT,2131,1979,1866,1755,1491,1817
2013,2004,TSI,713,567,467,412,339,377
2013,2004,BCPST,1768,1495,1388,1337,1150,1211
2013,2003,MP,6989,6197,5529,5066,3953,4511
2013,2003,PC,5083,4890,4504,4171,3253,3684
2013,2003,PSI,4095,3847,3558,3382,2824,3471
2013,2003,PT,2105,1968,1870,1772,1563,1849
2013,2003,TSI,703,577,464,393,316,380
2013,2003,BCPST,1703,1480,1372,1305,1150,1189
2013,2002,MP,7021,6164,5606,4984,3904,4555
2013,2002,PC,5106,4762,4446,4089,3140,3752
2013,2002,PSI,4080,3880,3662,3371,2761,3390
2013,2002,PT,2117,1999,1902,1698,1516,1840
2013,2002,TSI,722,578,473,391,319,369
2013,2002,BCPST,1589,1413,1319,1276,1164,1200
2013,2001,MP,6617,6006,5403,4595,3803,4534
2013,2001,PC,4966,4667,4364,3740,3064,3756
2013,2001,PSI,3986,3708,3456,3055,2640,3305
2013,2001,PT,2031,1924,1834,1651,1474,1795
2013,2001,TSI,667,568,472,367,299,335
2013,2000,MP,6742,5942,5457,4934,3985,4408
2013,2000,PC,5319,4941,4592,4201,3275,3601
2013,2000,PSI,4108,3710,3508,3248,2695,3089
2013,2000,PT,2120,1745,1676,1551,1368,1635
2013,2000,TSI,674,518,425,362,296,304
2013,1999,MP,7188,5777,5190,4325,3369,3882
2013,1999,PC,5633,4804,4343,3702,3021,3306
2013,1999,PSI,4153,3425,3158,2821,2355,2750
2013,1999,PT,2244,1715,1638,1566,1306,1474
2013,1999,TSI,672,415,327,283,218,262
2014,2014,MP,8497,7223,6228,5801,4496,4851
2014,2014,PC,5516,5123,4734,4445,3518,3805
2014,2014,PSI,5471,4995,4539,4316,3541,3845
2014,2014,PT,2453,2235,2029,1933,1622,1946
2014,2014,TSI,951,792,633,559,476,523
2014,2014,BCPST,3072,2489,2315,2212,1879,1895
2014,2014,Inter-Filière,,,,,349,368
2014,2013,MP,8216,6962,6042,5686,4285,4876
2014,2013,PC,5351,4987,4592,4346,3307,3831
2014,2013,PSI,5386,4866,4418,4229,3411,3869
2014,2013,PT,2485,2298,2110,1973,1630,1929
2014,2013,TSI,853,738,589,537,455,549
2014,2013,BCPST,3102,2517,2357,2266,1807,1857
2014,2013,Inter-Filière,,,,,353,368
2014,2012,MP,8130,6794,5836,5465,4176,4874
2014,2012,PC,5390,5001,4632,4378,3336,3798
2014,2012,PSI,5378,4827,4386,4190,3315,3785
2014,2012,PT,2511,2282,2078,1914,1568,1909
2014,2012,TSI,861,734,577,518,432,543
2014,2012,BCPST,2996,2440,2290,2182,1705,1797
2014,2012,Inter-Filière,,,,,270,342
2014,2011,MP,8343,6965,5910,5610,4260,4825
2014,2011,PC,5387,4969,4528,4294,3246,3704
2014,2011,PSI,5414,4822,4327,4162,3244,3727
2014,2011,PT,2481,2237,2007,1887,1536,1883
2014,2011,TSI,855,710,583,513,425,508
2014,2011,BCPST,3010,2402,2266,2165,1724,1782
2014,2011,Inter-Filière,,,,,324,364
2014,2010,MP,8171,6920,5877,5599,4196,4669
2014,2010,PC,5360,4924,4478,4272,3181,3638
2014,2010,PSI,5329,4678,4238,4086,3179,3589
2014,2010,PT,2522,2276,2099,1975,1587,1829
2014,2010,TSI,779,690,571,517,423,484
2014,2010,BCPST,2988,2534,2235,2133,1685,1754
2014,2010,Inter-Filière,,,,,407,425
2014,2009,MP,7741,6662,5724,5423,4091,4624
2014,2009,PC,5295,4913,4440,4246,3215,3551
2014,2009,PSI,5013,4587,4121,3969,3092,3443
2014,2009,PT,2385,2180,1999,1868,1539,1740
2014,2009,TSI,752,676,543,486,398,456
2014,2009,BCPST,2799,2246,2160,2066,1677,1738
2014,2009,Inter-Filière,,,,,366,396
2014,2008,MP,7764,6590,5593,5357,4239,4596
2014,2008,PC,5242,4839,4425,4267,3387,3554
2014,2008,PSI,4962,4517,4049,3881,3171,3450
2014,2008,PT,2293,2086,1919,1813,1466,1720
2014,2008,TSI,728,652,503,471,403,442
2014,2008,BCPST,2758,2217,2124,2036,1640,1710
2014,2007,MP,7554,6417,5660,5384,4185,4576
2014,2007,PC,5197,4753,4368,4186,3223,3523
2014,2007,PSI,4911,4413,4071,3869,3130,3422
2014,2007,PT,2255,2044,1913,1805,1489,1731
2014,2007,TSI,699,627,514,478,399,442
2014,2007,BCPST,2783,2248,2117,2051,1670,1694
2014,2006,MP,7493,6423,5665,5318,4164,4515
2014,2006,PC,5189,4705,4339,4098,3195,3556
2014,2006,PSI,4938,4420,4068,3820,3068,3367
2014,2006,PT,2244,2035,1923,1800,1507,1810
2014,2006,TSI,724,629,521,460,368,422
2014,2006,BCPST,2694,2186,2036,1964,1604,1669
2014,2005,MP,7257,6271,5555,5198,4114,4537
2014,2005,PC,5153,4663,4325,4064,3110,3620
2014,2005,PSI,4713,4222,3915,3653,2998,3317
2014,2005,PT,2160,1943,1812,1690,1432,1867
2014,2005,TSI,670,558,458,407,342,406
2014,2005,BCPST,2412,1883,1755,1655,1348,1422
2014,2004,MP,7073,6105,5437,5045,3962,4576
2014,2004,PC,5090,4773,4454,4173,3237,3719
2014,2004,PSI,4313,3964,3673,3474,2841,3283
2014,2004,PT,2131,1979,1866,1755,1491,1817
2014,2004,TSI,713,567,467,412,339,377
2014,2004,BCPST,1768,1495,1388,1337,1150,1211
2014,2003,MP,6989,6197,5529,5066,3953,4511
2014,2003,PC,5083,4890,4504,4171,3253,3684
2014,2003,PSI,4095,3847,3558,3382,2824,3471
2014,2003,PT,2105,1968,1870,1772,1563,1849
2014,2003,TSI,703,577,464,393,316,380
2014,2003,BCPST,1703,1480,1372,1305,1150,1189
2014,2002,MP,7021,6164,5606,4984,3904,4555
2014,2002,PC,5106,4762,4446,4089,3140,3752
2014,2002,PSI,4080,3880,3662,3371,2761,3390
2014,2002,PT,2117,1999,1902,1698,1516,1840
2014,2002,TSI,722,578,473,391,319,369
2014,2002,BCPST,1589,1413,1319,1276,1164,1200
2014,2001,MP,6617,6006,5403,4595,3803,4534
2014,2001,PC,4966,4667,4364,3740,3064,3756
2014,2001,PSI,3986,3708,3456,3055,2640,3305
2014,2001,PT,2031,1924,1834,1651,1474,1795
2014,2001,TSI,667,568,472,367,299,335
2014,2000,MP,6742,5942,5457,4934,3985,4408
2014,2000,PC,5319,4941,4592,4201,3275,3601
2014,2000,PSI,4108,3710,3508,3248,2695,3089
2014,2000,PT,2120,1745,1676,1551,1368,1635
2014,2000,TSI,674,518,425,362,296,304
2014,1999,MP,7188,5777,5190,4325,3369,3882
2014,1999,PC,5633,4804,4343,3702,3021,3306
2014,1999,PSI,4153,3425,3158,2821,2355,2750
2014,1999,PT,2244,1715,1638,1566,1306,1474
2014,1999,TSI,672,415,327,283,218,262
2015,2015,MP,8226,6968,5965,5594,4187,4613
2015,2015,PC,5020,4756,4449,4200,3141,3513
2015,2015,PSI,5398,4913,4510,4303,3371,3651
2015,2015,PT,2389,2199,2022,1890,1556,1949
2015,2015,TSI,965,812,664,590,474,546
2015,2015,BCPST,2837,2362,2228,2130,1712,1898
2015,2015,Inter-Filière,,,,,826,1211
2015,2014,MP,8497,7223,6228,5801,4496,4851
2015,2014,PC,5516,5123,4734,4445,3518,3805
2015,2014,PSI,5471,4995,4539,4316,3541,3845
2015,2014,PT,2453,2235,2029,1933,1622,1946
2015,2014,TSI,951,792,633,559,476,523
2015,2014,BCPST,3072,2489,2315,2212,1879,1895
2015,2014,Inter-Filière,,,,,349,368
2015,2013,MP,8216,6962,6042,5686,4285,4876
2015,2013,PC,5351,4987,4592,4346,3307,3831
2015,2013,PSI,5386,4866,4418,4229,3411,3869
2015,2013,PT,2485,2298,2110,1973,1630,1929
2015,2013,TSI,853,738,589,537,455,549
2015,2013,BCPST,3102,2517,2357,2266,1807,1857
2015,2013,Inter-Filière,,,,,353,368
2015,2012,MP,8130,6794,5836,5465,4176,4874
2015,2012,PC,5390,5001,4632,4378,3336,3798
2015,2012,PSI,5378,4827,4386,4190,3315,3785
2015,2012,PT,2511,2282,2078,1914,1568,1909
2015,2012,TSI,861,734,577,518,432,543
2015,2012,BCPST,2996,2440,2290,2182,1705,1797
2015,2012,Inter-Filière,,,,,270,342
2015,2011,MP,8343,6965,5910,5610,4260,4825
2015,2011,PC,5387,4969,4528,4294,3246,3704
2015,2011,PSI,5414,4822,4327,4162,3244,3727
2015,2011,PT,2481,2237,2007,1887,1536,1883
2015,2011,TSI,855,710,583,513,425,508
2015,2011,BCPST,3010,2402,2266,2165,1724,1782
2015,2011,Inter-Filière,,,,,324,364
2015,2010,MP,8171,6920,5877,5599,4196,4669
2015,2010,PC,5360,4924,4478,4272,3181,3638
2015,2010,PSI,5329,4678,4238,4086,3179,3589
2015,2010,PT,2522,2276,2099,1975,1587,1829
2015,2010,TSI,779,690,571,517,423,484
2015,2010,BCPST,2988,2534,2235,2133,1685,1754
2015,2010,Inter-Filière,,,,,407,425
2015,2009,MP,7741,6662,5724,5423,4091,4624
2015,2009,PC,5295,4913,4440,4246,3215,3551
2015,2009,PSI,5013,4587,4121,3969,3092,3443
2015,2009,PT,2385,2180,1999,1868,1539,1740
2015,2009,TSI,752,676,543,486,398,456
2015,2009,BCPST,2799,2246,2160,2066,1677,1738
2015,2009,Inter-Filière,,,,,366,396
2015,2008,MP,7764,6590,5593,5357,4239,4596
2015,2008,PC,5242,4839,4425,4267,3387,3554
2015,2008,PSI,4962,4517,4049,3881,3171,3450
2015,2008,PT,2293,2086,1919,1813,1466,1720
2015,2008,TSI,728,652,503,471,403,442
2015,2008,BCPST,2758,2217,2124,2036,1640,1710
2015,2007,MP,7554,6417,5660,5384,4185,4576
2015,2007,PC,5197,4753,4368,4186,3223,3523
2015,2007,PSI,4911,4413,4071,3869,3130,3422
2015,2007,PT,2255,2044,1913,1805,1489,1731
2015,2007,TSI,699,627,514,478,399,442
2015,2007,BCPST,2783,2248,2117,2051,1670,1694
2015,2006,MP,7493,6423,5665,5318,4164,4515
2015,2006,PC,5189,4705,4339,4098,3195,3556
2015,2006,PSI,4938,4420,4068,3820,3068,3367
2015,2006,PT,2244,2035,1923,1800,1507,1810
2015,2006,TSI,724,629,521,460,368,422
2015,2006,BCPST,2694,2186,2036,1964,1604,1669
2015,2005,MP,7257,6271,5555,5198,4114,4537
2015,2005,PC,5153,4663,4325,4064,3110,3620
2015,2005,PSI,4713,4222,3915,3653,2998,3317
2015,2005,PT,2160,1943,1812,1690,1432,1867
2015,2005,TSI,670,558,458,407,342,406
2015,2005,BCPST,2412,1883,1755,1655,1348,1422
2015,2004,MP,7073,6105,5437,5045,3962,4576
2015,2004,PC,5090,4773,4454,4173,3237,3719
2015,2004,PSI,4313,3964,3673,3474,2841,3283
2015,2004,PT,2131,1979,1866,1755,1491,1817
2015,2004,TSI,713,567,467,412,339,377
2015,2004,BCPST,1768,1495,1388,1337,1150,1211
2015,2003,MP,6989,6197,5529,5066,3953,4511
2015,2003,PC,5083,4890,4504,4171,3253,3684
2015,2003,PSI,4095,3847,3558,3382,2824,3471
2015,2003,PT,2105,1968,1870,1772,1563,1849
2015,2003,TSI,703,577,464,393,316,380
2015,2003,BCPST,1703,1480,1372,1305,1150,1189
2015,2002,MP,7021,6164,5606,4984,3904,4555
2015,2002,PC,5106,4762,4446,4089,3140,3752
2015,2002,PSI,4080,3880,3662,3371,2761,3390
2015,2002,PT,2117,1999,1902,1698,1516,1840
2015,2002,TSI,722,578,473,391,319,369
2015,2002,BCPST,1589,1413,1319,1276,1164,1200
2015,2001,MP,6617,6006,5403,4595,3803,4534
2015,2001,PC,4966,4667,4364,3740,3064,3756
2015,2001,PSI,3986,3708,3456,3055,2640,3305
2015,2001,PT,2031,1924,1834,1651,1474,1795
2015,2001,TSI,667,568,472,367,299,335
2015,2000,MP,6742,5942,5457,4934,3985,4408
2015,2000,PC,5319,4941,4592,4201,3275,3601
2015,2000,PSI,4108,3710,3508,3248,2695,3089
2015,2000,PT,2120,1745,1676,1551,1368,1635
2015,2000,TSI,674,518,425,362,296,304
2015,1999,MP,7188,5777,5190,4325,3369,3882
2015,1999,PC,5633,4804,4343,3702,3021,3306
2015,1999,PSI,4153,3425,3158,2821,2355,2750
2015,1999,PT,2244,1715,1638,1566,1306,1474
2015,1999,TSI,672,415,327,283,218,262
2016,2016,MP,8088,6889,6019,5686,4278,4771
2016,2016,PC,5234,4942,4621,4368,3268,3572
2016,2016,PSI,5773,5223,4770,4548,3508,3730
2016,2016,PT,2556,2365,2162,2035,1667,2010
2016,2016,TSI,1142,933,807,700,543,578
2016,2016,BCPST,3160,2541,2424,2301,1827,1945
2016,2016,Inter-Filière,,,,,979,1152
2016,2015,MP,8226,6968,5965,5594,4187,4613
2016,2015,PC,5020,4756,4449,4200,3141,3513
2016,2015,PSI,5398,4913,4510,4303,3371,3651
2016,2015,PT,2389,2199,2022,1890,1556,1949
2016,2015,TSI,965,812,664,590,474,546
2016,2015,BCPST,2837,2362,2228,2130,1712,1898
2016,2015,Inter-Filière,,,,,826,1211
2016,2014,MP,8497,7223,6228,5801,4496,4851
2016,2014,PC,5516,5123,4734,4445,3518,3805
2016,2014,PSI,5471,4995,4539,4316,3541,3845
2016,2014,PT,2453,2235,2029,1933,1622,1946
2016,2014,TSI,951,792,633,559,476,523
2016,2014,BCPST,3072,2489,2315,2212,1879,1895
2016,2014,Inter-Filière,,,,,349,368
2016,2013,MP,8216,6962,6042,5686,4285,4876
2016,2013,PC,5351,4987,4592,4346,3307,3831
2016,2013,PSI,5386,4866,4418,4229,3411,3869
2016,2013,PT,2485,2298,2110,1973,1630,1929
2016,2013,TSI,853,738,589,537,455,549
2016,2013,BCPST,3102,2517,2357,2266,1807,1857
2016,2013,Inter-Filière,,,,,353,368
2016,2012,MP,8130,6794,5836,5465,4176,4874
2016,2012,PC,5390,5001,4632,4378,3336,3798
2016,2012,PSI,5378,4827,4386,4190,3315,3785
2016,2012,PT,2511,2282,2078,1914,1568,1909
2016,2012,TSI,861,734,577,518,432,543
2016,2012,BCPST,2996,2440,2290,2182,1705,1797
2016,2012,Inter-Filière,,,,,270,342
2016,2011,MP,8343,6965,5910,5610,4260,4825
2016,2011,PC,5387,4969,4528,4294,3246,3704
2016,2011,PSI,5414,4822,4327,4162,3244,3727
2016,2011,PT,2481,2237,2007,1887,1536,1883
2016,2011,TSI,855,710,583,513,425,508
2016,2011,BCPST,3010,2402,2266,2165,1724,1782
2016,2011,Inter-Filière,,,,,324,364
2016,2010,MP,8171,6920,5877,5599,4196,4669
2016,2010,PC,5360,4924,4478,4272,3181,3638
2016,2010,PSI,5329,4678,4238,4086,3179,3589
2016,2010,PT,2522,2276,2099,1975,1587,1829
2016,2010,TSI,779,690,571,517,423,484
2016,2010,BCPST,2988,2534,2235,2133,1685,1754
2016,2010,Inter-Filière,,,,,407,425
2016,2009,MP,7741,6662,5724,5423,4091,4624
2016,2009,PC,5295,4913,4440,4246,3215,3551
2016,2009,PSI,5013,4587,4121,3969,3092,3443
2016,2009,PT,2385,2180,1999,1868,1539,1740
2016,2009,TSI,752,676,543,486,398,456
2016,2009,BCPST,2799,2246,2160,2066,1677,1738
2016,2009,Inter-Filière,,,,,366,396
2016,2008,MP,7764,6590,5593,5357,4239,4596
2016,2008,PC,5242,4839,4425,4267,3387,3554
2016,2008,PSI,4962,4517,4049,3881,3171,3450
2016,2008,PT,2293,2086,1919,1813,1466,1720
2016,2008,TSI,728,652,503,471,403,442
2016,2008,BCPST,2758,2217,2124,2036,1640,1710
2016,2007,MP,7554,6417,5660,5384,4185,4576
2016,2007,PC,5197,4753,4368,4186,3223,3523
2016,2007,PSI,4911,4413,4071,3869,3130,3422
2016,2007,PT,2255,2044,1913,1805,1489,1731
2016,2007,TSI,699,627,514,478,399,442
2016,2007,BCPST,2783,2248,2117,2051,1670,1694
2016,2006,MP,7493,6423,5665,5318,4164,4515
2016,2006,PC,5189,4705,4339,4098,3195,3556
2016,2006,PSI,4938,4420,4068,3820,3068,3367
2016,2006,PT,2244,2035,1923,1800,1507,1810
2016,2006,TSI,724,629,521,460,368,422
2016,2006,BCPST,2694,2186,2036,1964,1604,1669
2016,2005,MP,7257,6271,5555,5198,4114,4537
2016,2005,PC,5153,4663,4325,4064,3110,3620
2016,2005,PSI,4713,4222,3915,3653,2998,3317
2016,2005,PT,2160,1943,1812,1690,1432,1867
2016,2005,TSI,670,558,458,407,342,406
2016,2005,BCPST,2412,1883,1755,1655,1348,1422
2016,2004,MP,7073,6105,5437,5045,3962,4576
2016,2004,PC,5090,4773,4454,4173,3237,3719
2016,2004,PSI,4313,3964,3673,3474,2841,3283
2016,2004,PT,2131,1979,1866,1755,1491,1817
2016,2004,TSI,713,567,467,412,339,377
2016,2004,BCPST,1768,1495,1388,1337,1150,1211
2016,2003,MP,6989,6197,5529,5066,3953,4511
2016,2003,PC,5083,4890,4504,4171,3253,3684
2016,2003,PSI,4095,3847,3558,3382,2824,3471
2016,2003,PT,2105,1968,1870,1772,1563,1849
2016,2003,TSI,703,577,464,393,316,380
2016,2003,BCPST,1703,1480,1372,1305,1150,1189
2016,2002,MP,7021,6164,5606,4984,3904,4555
2016,2002,PC,5106,4762,4446,4089,3140,3752
2016,2002,PSI,4080,3880,3662,3371,2761,3390
2016,2002,PT,2117,1999,1902,1698,1516,1840
2016,2002,TSI,722,578,473,391,319,369
2016,2002,BCPST,1589,1413,1319,1276,1164,1200
2016,2001,MP,6617,6006,5403,4595,3803,4534
2016,2001,PC,4966,4667,4364,3740,3064,3756
2016,2001,PSI,3986,3708,3456,3055,2640,3305
2016,2001,PT,2031,1924,1834,1651,1474,1795
2016,2001,TSI,667,568,472,367,299,335
2016,2000,MP,6742,5942,5457,4934,3985,4408
2016,2000,PC,5319,4941,4592,4201,3275,3601
2016,2000,PSI,4108,3710,3508,3248,2695,3089
2016,2000,PT,2120,1745,1676,1551,1368,1635
2016,2000,TSI,674,518,425,362,296,304
2016,1999,MP,7188,5777,5190,4325,3369,3882
2016,1999,PC,5633,4804,4343,3702,3021,3306
2016,1999,PSI,4153,3425,3158,2821,2355,2750
2016,1999,PT,2244,1715,1638,1566,1306,1474
2016,1999,TSI,672,415,327,283,218,262
2017,2017,MP,8503,6973,6145,5757,4309,4789
2017,2017,PC,5271,4927,4567,4344,3186,3587
2017,2017,PSI,6039,5197,4763,4560,3498,3831
2017,2017,PT,2635,2449,2233,2109,1727,2012
2017,2017,TSI,1347,1099,868,737,587,603
2017,2017,BCPST,3141,2561,2416,2281,1799,1899
2017,2017,Inter-Filière,,,,,977,1128
2017,2016,MP,8088,6889,6019,5686,4278,4771
2017,2016,PC,5234,4942,4621,4368,3268,3572
2017,2016,PSI,5773,5223,4770,4548,3508,3730
2017,2016,PT,2556,2365,2162,2035,1667,2010
2017,2016,TSI,1142,933,807,700,543,578
2017,2016,BCPST,3160,2541,2424,2301,1827,1945
2017,2016,Inter-Filière,,,,,979,1152
2017,2015,MP,8226,6968,5965,5594,4187,4613
2017,2015,PC,5020,4756,4449,4200,3141,3513
2017,2015,PSI,5398,4913,4510,4303,3371,3651
2017,2015,PT,2389,2199,2022,1890,1556,1949
2017,2015,TSI,965,812,664,590,474,546
2017,2015,BCPST,2837,2362,2228,2130,1712,1898
2017,2015,Inter-Filière,,,,,826,1211
2017,2014,MP,8497,7223,6228,5801,4496,4851
2017,2014,PC,5516,5123,4734,4445,3518,3805
2017,2014,PSI,5471,4995,4539,4316,3541,3845
2017,2014,PT,2453,2235,2029,1933,1622,1946
2017,2014,TSI,951,792,633,559,476,523
2017,2014,BCPST,3072,2489,2315,2212,1879,1895
2017,2014,Inter-Filière,,,,,349,368
2017,2013,MP,8216,6962,6042,5686,4285,4876
2017,2013,PC,5351,4987,4592,4346,3307,3831
2017,2013,PSI,5386,4866,4418,4229,3411,3869
2017,2013,PT,2485,2298,2110,1973,1630,1929
2017,2013,TSI,853,738,589,537,455,549
2017,2013,BCPST,3102,2517,2357,2266,1807,1857
2017,2013,Inter-Filière,,,,,353,368
2017,2012,MP,8130,6794,5836,5465,4176,4874
2017,2012,PC,5390,5001,4632,4378,3336,3798
2017,2012,PSI,5378,4827,4386,4190,3315,3785
2017,2012,PT,2511,2282,2078,1914,1568,1909
2017,2012,TSI,861,734,577,518,432,543
2017,2012,BCPST,2996,2440,2290,2182,1705,1797
2017,2012,Inter-Filière,,,,,270,342
2017,2011,MP,8343,6965,5910,5610,4260,4825
2017,2011,PC,5387,4969,4528,4294,3246,3704
2017,2011,PSI,5414,4822,4327,4162,3244,3727
2017,2011,PT,2481,2237,2007,1887,1536,1883
2017,2011,TSI,855,710,583,513,425,508
2017,2011,BCPST,3010,2402,2266,2165,1724,1782
2017,2011,Inter-Filière,,,,,324,364
2017,2010,MP,8171,6920,5877,5599,4196,4669
2017,2010,PC,5360,4924,4478,4272,3181,3638
2017,2010,PSI,5329,4678,4238,4086,3179,3589
2017,2010,PT,2522,2276,2099,1975,1587,1829
2017,2010,TSI,779,690,571,517,423,484
2017,2010,BCPST,2988,2534,2235,2133,1685,1754
2017,2010,Inter-Filière,,,,,407,425
2017,2009,MP,7741,6662,5724,5423,4091,4624
2017,2009,PC,5295,4913,4440,4246,3215,3551
2017,2009,PSI,5013,4587,4121,3969,3092,3443
2017,2009,PT,2385,2180,1999,1868,1539,1740
2017,2009,TSI,752,676,543,486,398,456
2017,2009,BCPST,2799,2246,2160,2066,1677,1738
2017,2009,Inter-Filière,,,,,366,396
2017,2008,MP,7764,6590,5593,5357,4239,4596
2017,2008,PC,5242,4839,4425,4267,3387,3554
2017,2008,PSI,4962,4517,4049,3881,3171,3450
2017,2008,PT,2293,2086,1919,1813,1466,1720
2017,2008,TSI,728,652,503,471,403,442
2017,2008,BCPST,2758,2217,2124,2036,1640,1710
2017,2007,MP,7554,6417,5660,5384,4185,4576
2017,2007,PC,5197,4753,4368,4186,3223,3523
2017,2007,PSI,4911,4413,4071,3869,3130,3422
2017,2007,PT,2255,2044,1913,1805,1489,1731
2017,2007,TSI,699,627,514,478,399,442
2017,2007,BCPST,2783,2248,2117,2051,1670,1694
2017,2006,MP,7493,6423,5665,5318,4164,4515
2017,2006,PC,5189,4705,4339,4098,3195,3556
2017,2006,PSI,4938,4420,4068,3820,3068,3367
2017,2006,PT,2244,2035,1923,1800,1507,1810
2017,2006,TSI,724,629,521,460,368,422
2017,2006,BCPST,2694,2186,2036,1964,1604,1669
2017,2005,MP,7257,6271,5555,5198,4114,4537
2017,2005,PC,5153,4663,4325,4064,3110,3620
2017,2005,PSI,4713,4222,3915,3653,2998,3317
2017,2005,PT,2160,1943,1812,1690,1432,1867
2017,2005,TSI,670,558,458,407,342,406
2017,2005,BCPST,2412,1883,1755,1655,1348,1422
2017,2004,MP,7073,6105,5437,5045,3962,4576
2017,2004,PC,5090,4773,4454,4173,3237,3719
2017,2004,PSI,4313,3964,3673,3474,2841,3283
2017,2004,PT,2131,1979,1866,1755,1491,1817
2017,2004,TSI,713,567,467,412,339,377
2017,2004,BCPST,1768,1495,1388,1337,1150,1211
2017,2003,MP,6989,6197,5529,5066,3953,4511
2017,2003,PC,5083,4890,4504,4171,3253,3684
2017,2003,PSI,4095,3847,3558,3382,2824,3471
2017,2003,PT,2105,1968,1870,1772,1563,1849
2017,2003,TSI,703,577,464,393,316,380
2017,2003,BCPST,1703,1480,1372,1305,1150,1189
2017,2002,MP,7021,6164,5606,4984,3904,4555
2017,2002,PC,5106,4762,4446,4089,3140,3752
2017,2002,PSI,4080,3880,3662,3371,2761,3390
2017,2002,PT,2117,1999,1902,1698,1516,1840
2017,2002,TSI,722,578,473,391,319,369
2017,2002,BCPST,1589,1413,1319,1276,1164,1200
2017,2001,MP,6617,6006,5403,4595,3803,4534
2017,2001,PC,4966,4667,4364,3740,3064,3756
2017,2001,PSI,3986,3708,3456,3055,2640,3305
2017,2001,PT,2031,1924,1834,1651,1474,1795
2017,2001,TSI,667,568,472,367,299,335
2017,2000,MP,6742,5942,5457,4934,3985,4408
2017,2000,PC,5319,4941,4592,4201,3275,3601
2017,2000,PSI,4108,3710,3508,3248,2695,3089
2017,2000,PT,2120,1745,1676,1551,1368,1635
2017,2000,TSI,674,518,425,362,296,304
2017,1999,MP,7188,5777,5190,4325,3369,3882
2017,1999,PC,5633,4804,4343,3702,3021,3306
2017,1999,PSI,4153,3425,3158,2821,2355,2750
2017,1999,PT,2244,1715,1638,1566,1306,1474
2017,1999,TSI,672,415,327,283,218,262
2018,2018,MP,8916,7163,6290,5852,4402,4813
2018,2018,PC,5339,4968,4639,4422,3290,3551
2018,2018,PSI,5986,5242,4800,4634,3601,3854
2018,2018,PT,2608,2412,2173,2101,1767,2054
2018,2018,TSI,1346,1089,843,764,591,674
2018,2018,BCPST,3099,2538,2418,2308,1822,1905
2018,2018,Inter-Filière,,,,,1023,1151
2018,2017,MP,8503,6973,6145,5757,4309,4789
2018,2017,PC,5271,4927,4567,4344,3186,3587
2018,2017,PSI,6039,5197,4763,4560,3498,3831
2018,2017,PT,2635,2449,2233,2109,1727,2012
2018,2017,TSI,1347,1099,868,737,587,603
2018,2017,BCPST,3141,2561,2416,2281,1799,1899
2018,2017,Inter-Filière,,,,,977,1128
2018,2016,MP,8088,6889,6019,5686,4278,4771
2018,2016,PC,5234,4942,4621,4368,3268,3572
2018,2016,PSI,5773,5223,4770,4548,3508,3730
2018,2016,PT,2556,2365,2162,2035,1667,2010
2018,2016,TSI,1142,933,807,700,543,578
2018,2016,BCPST,3160,2541,2424,2301,1827,1945
2018,2016,Inter-Filière,,,,,979,1152
2018,2015,MP,8226,6968,5965,5594,4187,4613
2018,2015,PC,5020,4756,4449,4200,3141,3513
2018,2015,PSI,5398,4913,4510,4303,3371,3651
2018,2015,PT,2389,2199,2022,1890,1556,1949
2018,2015,TSI,965,812,664,590,474,546
2018,2015,BCPST,2837,2362,2228,2130,1712,1898
2018,2015,Inter-Filière,,,,,826,1211
2019,2019,MP,8859,7097,6340,5879,4397,4890
2019,2019,PC,5365,4951,4592,4418,3338,3598
2019,2019,PSI,5727,5072,4669,4524,3560,3927
2019,2019,PT,2584,2396,2192,2127,1759,2129
2019,2019,TSI,1325,1069,884,823,670,745
2019,2019,BCPST,3025,2541,2421,2330,1822,1911
2019,2019,TB,152,111,96,90,81,94
2019,2019,Inter-Filière,,,,,1366,1556
2019,2018,MP,8916,7163,6290,5852,4402,4813
2019,2018,PC,5339,4968,4639,4422,3290,3551
2019,2018,PSI,5986,5242,4800,4634,3601,3854
2019,2018,PT,2608,2412,2173,2101,1767,2054
2019,2018,TSI,1346,1089,843,764,591,674
2019,2018,BCPST,3099,2538,2418,2308,1822,1905
2019,2018,Inter-Filière,,,,,1023,1151
2019,2017,MP,8503,6973,6145,5757,4309,4789
2019,2017,PC,5271,4927,4567,4344,3186,3587
2019,2017,PSI,6039,5197,4763,4560,3498,3831
2019,2017,PT,2635,2449,2233,2109,1727,2012
2019,2017,TSI,1347,1099,868,737,587,603
2019,2017,BCPST,3141,2561,2416,2281,1799,1899
2019,2017,Inter-Filière,,,,,977,1128
2019,2016,MP,8088,6889,6019,5686,4278,4771
2019,2016,PC,5234,4942,4621,4368,3268,3572
2019,2016,PSI,5773,5223,4770,4548,3508,3730
2019,2016,PT,2556,2365,2162,2035,1667,2010
2019,2016,TSI,1142,933,807,700,543,578
2019,2016,BCPST,3160,2541,2424,2301,1827,1945
2019,2016,Inter-Filière,,,,,979,1152
2019,2015,MP,8226,6968,5965,5594,4187,4613
2019,2015,PC,5020,4756,4449,4200,3141,3513
2019,2015,PSI,5398,4913,4510,4303,3371,3651
2019,2015,PT,2389,2199,2022,1890,1556,1949
2019,2015,TSI,965,812,664,590,474,546
2019,2015,BCPST,2837,2362,2228,2130,1712,1898
2019,2015,Inter-Filière,,,,,826,1211
2020,2020,MP,9048,,7441,6731,4544,5130
2020,2020,PC,5159,,4778,4519,3346,3603
2020,2020,PSI,5722,,5112,4868,3627,3945
2020,2020,PT,2530,,2371,2258,1733,2090
2020,2020,TSI,1427,,1116,972,676,743
2020,2020,BCPST,3090,,2605,2406,1830,1913
2020,2020,Inter-Filière,,,,,1377,1643
2020,2019,MP,8859,7097,6340,5879,4397,4890
2020,2019,PC,5365,4951,4592,4418,3338,3598
2020,2019,PSI,5727,5072,4669,4524,3560,3927
2020,2019,PT,2584,2396,2192,2127,1759,2129
2020,2019,TSI,1325,1069,884,823,670,745
2020,2019,BCPST,3025,2541,2421,2330,1822,1911
2020,2019,TB,152,111,96,90,81,94
2020,2019,Inter-Filière,,,,,1366,1556
2020,2018,MP,8916,7163,6290,5852,4402,4813
2020,2018,PC,5339,4968,4639,4422,3290,3551
2020,2018,PSI,5986,5242,4800,4634,3601,3854
2020,2018,PT,2608,2412,2173,2101,1767,2054
2020,2018,TSI,1346,1089,843,764,591,674
2020,2018,BCPST,3099,2538,2418,2308,1822,1905
2020,2018,Inter-Filière,,,,,1023,1151
2020,2017,MP,8503,6973,6145,5757,4309,4789
2020,2017,PC,5271,4927,4567,4344,3186,3587
2020,2017,PSI,6039,5197,4763,4560,3498,3831
2020,2017,PT,2635,2449,2233,2109,1727,2012
2020,2017,TSI,1347,1099,868,737,587,603
2020,2017,BCPST,3141,2561,2416,2281,1799,1899
2020,2017,Inter-Filière,,,,,977,1128
2020,2016,MP,8088,6889,6019,5686,4278,4771
2020,2016,PC,5234,4942,4621,4368,3268,3572
2020,2016,PSI,5773,5223,4770,4548,3508,3730
2020,2016,PT,2556,2365,2162,2035,1667,2010
2020,2016,TSI,1142,933,807,700,543,578
2020,2016,BCPST,3160,2541,2424,2301,1827,1945
2020,2016,Inter-Filière,,,,,979,1152
2020,2015,MP,8226,6968,5965,5594,4187,4613
2020,2015,PC,5020,4756,4449,4200,3141,3513
2020,2015,PSI,5398,4913,4510,4303,3371,3651
2020,2015,PT,2389,2199,2022,1890,1556,1949
2020,2015,TSI,965,812,664,590,474,546
2020,2015,BCPST,2837,2362,2228,2130,1712,1898
2020,2015,Inter-Filière,,,,,826,1211
2021,2021,MP,8992,7547,6932,6366,4638,5050
2021,2021,PC,5157,4815,4501,4342,3280,3558
2021,2021,PSI,5742,5185,4794,4586,3548,3870
2021,2021,PT,2565,2387,2236,2166,1762,2047
2021,2021,TSI,1381,1143,1018,915,747,721
2021,2021,BCPST,3182,2581,2449,2381,1901,1945
2021,2021,TB,154,111,94,92,82,96
2021,2021,TPC,77,59,43,41,30,42
2021,2021,Inter-Filière,,,,,1306,1750
2021,2020,MP,8847,,7441,6731,4544,5130
2021,2020,PC,5149,,4778,4519,3346,3603
2021,2020,PSI,5657,,5112,4868,3627,3945
2021,2020,PT,2524,,2371,2258,1733,2090
2021,2020,TSI,1397,,1116,972,676,743
2021,2020,BCPST,3088,,2605,2406,1830,1913
2021,2020,TB,166,,106,100,85,92
2021,2020,TPC,83,,61,55,39,42
2021,2020,Inter-Filière,,,,,1377,1643
2021,2019,MP,8859,7097,6340,5879,4397,4890
2021,2019,PC,5365,4951,4592,4418,3338,3598
2021,2019,PSI,5727,5072,4669,4524,3560,3927
2021,2019,PT,2584,2396,2192,2127,1759,2129
2021,2019,TSI,1325,1069,884,823,670,745
2021,2019,BCPST,3025,2541,2421,2330,1822,1911
2021,2019,TB,152,111,96,90,81,94
2021,2019,Inter-Filière,,,,,1366,1556
2021,2018,MP,8916,7163,6290,5852,4402,4813
2021,2018,PC,5339,4968,4639,4422,3290,3551
2021,2018,PSI,5986,5242,4800,4634,3601,3854
2021,2018,PT,2608,2412,2173,2101,1767,2054
2021,2018,TSI,1346,1089,843,764,591,674
2021,2018,BCPST,3099,2538,2418,2308,1822,1905
2021,2018,Inter-Filière,,,,,1023,1151
2021,2017,MP,8503,6973,6145,5757,4309,4789
2021,2017,PC,5271,4927,4567,4344,3186,3587
2021,2017,PSI,6039,5197,4763,4560,3498,3831
2021,2017,PT,2635,2449,2233,2109,1727,2012
2021,2017,TSI,1347,1099,868,737,587,603
2021,2017,BCPST,3141,2561,2416,2281,1799,1899
2021,2017,Inter-Filière,,,,,977,1128
2021,2016,MP,8088,6889,6019,5686,4278,4771
2021,2016,PC,5234,4942,4621,4368,3268,3572
2021,2016,PSI,5773,5223,4770,4548,3508,3730
2021,2016,PT,2556,2365,2162,2035,1667,2010
2021,2016,TSI,1142,933,807,700,543,578
2021,2016,BCPST,3160,2541,2424,2301,1827,1945
2021,2016,Inter-Filière,,,,,979,1152
2021,2015,MP,8226,6968,5965,5594,4187,4613
2021,2015,PC,5020,4756,4449,4200,3141,3513
2021,2015,PSI,5398,4913,4510,4303,3371,3651
2021,2015,PT,2389,2199,2022,1890,1556,1949
2021,2015,TSI,965,812,664,590,474,546
2021,2015,BCPST,2837,2362,2228,2130,1712,1898
2021,2015,Inter-Filière,,,,,826,1211
